tipo,fb_cpp,bt_cpp
random,180.98233333333334,0.289001
uniforme,182.31333333333336,188.73866666666666
columna_baja,182.90466666666666,0.16122433333333333
